{"cameraMode":{"drawMode":0,"name":"Shaded","section":"Shading Mode"},"sceneLighting":true,"audioPlay":false,"sceneViewState":{"showFog":true,"showMaterialUpdate":true,"showSkybox":true,"showFlares":true,"showImageEffects":true,"showParticleSystems":true},"in2DMode":false,"pivot":{"x":207.83291625976563,"y":35.13813781738281,"z":98.28887939453125},"rotation":{"x":-0.30411720275878909,"y":0.10065051913261414,"z":-0.032328907400369647,"w":-0.9467542767524719},"size":238.9884796142578,"orthographic":false}